{
  "依赖性强": [
    [
      0,
      0.8478085398674011
    ],
    [
      1,
      0.10913113504648209
    ],
    [
      2,
      0.043060339987277985
    ]
  ],
  "创意思维": [
    [
      0,
      0.8478081226348877
    ],
    [
      1,
      0.1091315746307373
    ],
    [
      2,
      0.043060336261987686
    ]
  ],
  "科技": [
    [
      1,
      0.8752233982086182
    ],
    [
      0,
      0.08171593397855759
    ],
    [
      2,
      0.043060675263404846
    ]
  ],
  "投资理财": [
    [
      1,
      0.8752228617668152
    ],
    [
      0,
      0.08171646296977997
    ],
    [
      2,
      0.04306069016456604
    ]
  ],
  "计划性强": [
    [
      0,
      0.8478087186813354
    ],
    [
      1,
      0.10913096368312836
    ],
    [
      2,
      0.043060339987277985
    ]
  ],
  "随性而为": [
    [
      1,
      0.8752276301383972
    ],
    [
      0,
      0.08171235024929047
    ],
    [
      2,
      0.043060027062892914
    ]
  ],
  "社会责任": [
    [
      1,
      0.8752239346504211
    ],
    [
      0,
      0.08171536028385162
    ],
    [
      2,
      0.043060678988695145
    ]
  ],
  "个人成长": [
    [
      1,
      0.8752236366271973
    ],
    [
      0,
      0.0817156434059143
    ],
    [
      2,
      0.04306068643927574
    ]
  ],
  "创新进取": [
    [
      1,
      0.8752281069755554
    ],
    [
      0,
      0.08171176165342331
    ],
    [
      2,
      0.04306018725037575
    ]
  ],
  "寻找真爱": [
    [
      1,
      0.8752238154411316
    ],
    [
      0,
      0.08171553164720535
    ],
    [
      2,
      0.04306069388985634
    ]
  ],
  "生活伴侣": [
    [
      1,
      0.8752234578132629
    ],
    [
      0,
      0.08171584457159042
    ],
    [
      2,
      0.04306068643927574
    ]
  ],
  "海外": [
    [
      1,
      0.8752274513244629
    ],
    [
      0,
      0.08171234279870987
    ],
    [
      2,
      0.04306018352508545
    ]
  ],
  "后端开发": [
    [
      0,
      0.9399028420448303
    ],
    [
      1,
      0.04309256374835968
    ],
    [
      2,
      0.017004579305648804
    ]
  ],
  "全栈开发": [
    [
      0,
      0.8478097319602966
    ],
    [
      1,
      0.10912992060184479
    ],
    [
      2,
      0.043060336261987686
    ]
  ],
  "移动开发": [
    [
      0,
      0.8478094935417175
    ],
    [
      1,
      0.10913018882274628
    ],
    [
      2,
      0.043060336261987686
    ]
  ],
  "运营管理": [
    [
      1,
      0.8752267360687256
    ],
    [
      0,
      0.08171309530735016
    ],
    [
      2,
      0.043060190975666046
    ]
  ],
  "移动应用": [
    [
      1,
      0.8752245903015137
    ],
    [
      0,
      0.08171478658914566
    ],
    [
      2,
      0.043060675263404846
    ]
  ],
  "电商": [
    [
      1,
      0.8752231597900391
    ],
    [
      0,
      0.0817161276936531
    ],
    [
      2,
      0.04306069016456604
    ]
  ],
  "金融科技": [
    [
      1,
      0.8752233982086182
    ],
    [
      0,
      0.08171594142913818
    ],
    [
      2,
      0.043060678988695145
    ]
  ],
  "教育科技": [
    [
      1,
      0.9293525218963623
    ],
    [
      0,
      0.046266451478004456
    ],
    [
      2,
      0.024381021037697792
    ]
  ],
  "人工智能": [
    [
      1,
      0.875224769115448
    ],
    [
      0,
      0.08171454817056656
    ],
    [
      2,
      0.04306066781282425
    ]
  ],
  "副业项目": [
    [
      1,
      0.875222384929657
    ],
    [
      0,
      0.08171691745519638
    ],
    [
      2,
      0.043060705065727234
    ]
  ],
  "开源项目": [
    [
      1,
      0.875222384929657
    ],
    [
      0,
      0.08171692490577698
    ],
    [
      2,
      0.04306070879101753
    ]
  ],
  "学习项目": [
    [
      1,
      0.875222384929657
    ],
    [
      0,
      0.08171692490577698
    ],
    [
      2,
      0.04306070879101753
    ]
  ],
  "竞赛项目": [
    [
      1,
      0.875222384929657
    ],
    [
      0,
      0.08171691745519638
    ],
    [
      2,
      0.043060705065727234
    ]
  ],
  "实验项目": [
    [
      1,
      0.875222384929657
    ],
    [
      0,
      0.08171691745519638
    ],
    [
      2,
      0.043060705065727234
    ]
  ],
  "商业项目": [
    [
      1,
      0.875222384929657
    ],
    [
      0,
      0.08171691000461578
    ],
    [
      2,
      0.043060705065727234
    ]
  ],
  "公益项目": [
    [
      1,
      0.875222384929657
    ],
    [
      0,
      0.08171691745519638
    ],
    [
      2,
      0.043060705065727234
    ]
  ],
  "艺术项目": [
    [
      1,
      0.875222384929657
    ],
    [
      0,
      0.08171692490577698
    ],
    [
      2,
      0.04306070879101753
    ]
  ],
  "研究项目": [
    [
      1,
      0.875222384929657
    ],
    [
      0,
      0.08171691000461578
    ],
    [
      2,
      0.043060705065727234
    ]
  ],
  "APP开发": [
    [
      0,
      0.8478097319602966
    ],
    [
      1,
      0.10912994295358658
    ],
    [
      2,
      0.043060336261987686
    ]
  ],
  "社区运营": [
    [
      1,
      0.8752267360687256
    ],
    [
      0,
      0.08171308785676956
    ],
    [
      2,
      0.04306018725037575
    ]
  ],
  "培训教育": [
    [
      1,
      0.8752269744873047
    ],
    [
      0,
      0.08171317726373672
    ],
    [
      2,
      0.043059855699539185
    ]
  ],
  "敏捷开发": [
    [
      0,
      0.8478096723556519
    ],
    [
      1,
      0.10913003236055374
    ],
    [
      2,
      0.043060336261987686
    ]
  ],
  "有一些经验": [
    [
      0,
      0.8478091955184937
    ],
    [
      1,
      0.10913044214248657
    ],
    [
      2,
      0.043060336261987686
    ]
  ],
  "行业资深": [
    [
      1,
      0.87522953748703
    ],
    [
      0,
      0.08171037584543228
    ],
    [
      2,
      0.043060027062892914
    ]
  ],
  "跨界经验": [
    [
      0,
      0.5062334537506104
    ],
    [
      1,
      0.46938520669937134
    ],
    [
      2,
      0.024381281808018684
    ]
  ],
  "有创业经验": [
    [
      0,
      0.8478096723556519
    ],
    [
      1,
      0.10913001000881195
    ],
    [
      2,
      0.043060336261987686
    ]
  ],
  "有管理经验": [
    [
      0,
      0.8478096723556519
    ],
    [
      1,
      0.10913001745939255
    ],
    [
      2,
      0.043060336261987686
    ]
  ],
  "有投资经验": [
    [
      0,
      0.5672021508216858
    ],
    [
      1,
      0.40841615200042725
    ],
    [
      2,
      0.0243817288428545
    ]
  ],
  "国际经验": [
    [
      0,
      0.8478094935417175
    ],
    [
      1,
      0.10913021117448807
    ],
    [
      2,
      0.043060336261987686
    ]
  ],
  "周末项目": [
    [
      1,
      0.875222384929657
    ],
    [
      0,
      0.08171691000461578
    ],
    [
      2,
      0.043060705065727234
    ]
  ],
  "短期项目": [
    [
      1,
      0.875222384929657
    ],
    [
      0,
      0.08171691745519638
    ],
    [
      2,
      0.043060705065727234
    ]
  ],
  "积累经验": [
    [
      0,
      0.8478095531463623
    ],
    [
      1,
      0.10913011431694031
    ],
    [
      2,
      0.043060336261987686
    ]
  ],
  "创造价值": [
    [
      1,
      0.9293525815010071
    ],
    [
      0,
      0.046266306191682816
    ],
    [
      2,
      0.024381117895245552
    ]
  ],
  "找到合伙人": [
    [
      0,
      0.8478230834007263
    ],
    [
      1,
      0.10911692678928375
    ],
    [
      2,
      0.04306001961231232
    ]
  ]
}