{
  "timestamp": "2024",
  "participants": {
    "person_a": "泽铭 Noah",
    "person_b": "郭佳 Alan"
  },
  "scores": {
    "vector_similarity": 0.0,
    "profile_similarity": 0.0,
    "request_similarity": 0.11572424586421683,
    "overall_match": 0.0
  },
  "tags": {
    "person_a_tags": {
      "后端开发": 0.9335322380065918,
      "全栈开发": 0.842063307762146,
      "移动开发": 0.8420630693435669,
      "APP开发": 0.842063307762146,
      "敏捷开发": 0.8420632481575012,
      "有一些经验": 0.842062771320343,
      "跨界经验": 0.5028022527694702,
      "有创业经验": 0.8420632481575012,
      "有管理经验": 0.8420632481575012,
      "有投资经验": 0.5633577108383179,
      "国际经验": 0.8420630693435669,
      "积累经验": 0.8420631289482117,
      "找到合伙人": 0.8420765995979309
    },
    "person_b_tags": {
      "全栈开发": 0.10870981961488724,
      "移动开发": 0.10871008783578873,
      "运营管理": 0.8718574643135071,
      "移动应用": 0.8718553781509399,
      "电商": 0.8718539476394653,
      "金融科技": 0.8718541860580444,
      "教育科技": 0.9257749319076538,
      "人工智能": 0.8718555569648743,
      "副业项目": 0.8718531727790833,
      "开源项目": 0.8718531727790833,
      "学习项目": 0.8718531727790833,
      "竞赛项目": 0.8718531727790833,
      "实验项目": 0.8718531727790833,
      "商业项目": 0.8718531727790833,
      "公益项目": 0.8718531727790833,
      "艺术项目": 0.8718531727790833,
      "研究项目": 0.8718531727790833,
      "APP开发": 0.10870984196662903,
      "社区运营": 0.8718574643135071,
      "培训教育": 0.8718577027320862,
      "敏捷开发": 0.10870993137359619,
      "有一些经验": 0.10871033370494843,
      "行业资深": 0.8718602657318115,
      "跨界经验": 0.46757829189300537,
      "有创业经验": 0.1087099090218544,
      "有管理经验": 0.108709916472435,
      "有投资经验": 0.4068439304828644,
      "国际经验": 0.10871011018753052,
      "周末项目": 0.8718531727790833,
      "短期项目": 0.8718531727790833,
      "积累经验": 0.10871001332998276,
      "创造价值": 0.9257749915122986,
      "找到合伙人": 0.10869687050580978
    },
    "mutual_tags": [
      "有投资经验",
      "移动开发",
      "积累经验",
      "找到合伙人",
      "APP开发",
      "全栈开发",
      "有一些经验",
      "敏捷开发",
      "有管理经验",
      "跨界经验",
      "有创业经验",
      "国际经验"
    ],
    "mutual_tags_count": 12
  },
  "analysis": {
    "recommendation": "匹配度较低：两人差异较大，需要谨慎考虑",
    "explanation": "诉求类型匹配（找队友）；个人档案相似度较低；诉求匹配度较低；拥有12个共同标签",
    "detailed_analysis": "基于主题建模和向量匹配的详细分析：\n诉求类型匹配（找队友）；个人档案相似度较低；诉求匹配度较低；拥有12个共同标签"
  }
}